dataset,method,classifier_accuracy,autoencoder_loss,best_lr,proximity,validity,margin_mean,margin_std,pred_margin_weight,step_weight_type
Yoga,1dCNN autoencoder,0.9728038108,1.47E-05,0.0001,0.3166394946,0.8778409091,0.06338574,0.2562338,1,
Yoga,1dCNN autoencoder,0.9728038108,1.47E-05,0.0001,0.1431199339,0.4261363636,-0.22055134,0.33910584,0.5,uniform
Yoga,1dCNN autoencoder,0.9728038108,1.47E-05,0.0001,0.2735024047,0.7954545455,0.012953872,0.25594088,0.5,example-specific
Yoga,1dCNN autoencoder,0.9728038108,1.47E-05,0.0001,0.2737846519,0.8380681818,0.03487308,0.25362334,0.5,global
Yoga,LSTM autoencoder,0.9728038108,0.009640679695,0.0001,1.780840743,0.9886363636,0.0005630778,0.00086268486,1,
Yoga,LSTM autoencoder,0.9728038108,0.01020892337,0.0001,1.647833838,0.7443181818,-0.08750928,0.24901295,0.5,uniform
Yoga,LSTM autoencoder,0.9728038108,0.009640679695,0.0001,1.631560344,0.8693181818,-0.053345993,0.16429359,0.5,example-specific
Yoga,LSTM autoencoder,0.9728038108,0.01053653006,0.0001,1.759123079,0.875,-0.011808694,0.2239185,0.5,global
Yoga,No autoencoder,0.9728038108,0,0.0001,0.119467465,0.9034090909,-0.016267113,0.09235362,1,
Yoga,No autoencoder,0.9728038108,0,0.0001,0.02074828107,0.3323863636,-0.32787016,0.23781829,0.5,uniform
Yoga,No autoencoder,0.9728038108,0,0.0001,0.1236111065,0.7698863636,-0.045271292,0.14838758,0.5,example-specific
Yoga,No autoencoder,0.9728038108,0,0.0001,0.1211435165,0.7670454545,-0.042921837,0.14025798,0.5,global
WormsTwoClass,1dCNN autoencoder,0.7075757576,0.0001575719361,0.0001,0.5638009167,1,0.00047069995,0.0002992945,1,
WormsTwoClass,1dCNN autoencoder,0.7075757576,0.0001575719361,0.0001,0.3834378762,0.7586206897,-0.0007516567,0.002231956,0.5,uniform
WormsTwoClass,1dCNN autoencoder,0.7075757576,0.0001575719361,0.0001,0.4439912603,0.9655172414,0.00047488048,0.00061156123,0.5,example-specific
WormsTwoClass,1dCNN autoencoder,0.7075757576,0.0001575719361,0.0001,0.449732869,1,0.00046478058,0.00024599113,0.5,global
WormsTwoClass,LSTM autoencoder,0.7075757576,0.01051637623,0.0001,3.117587401,1,0.19212854,0.013678897,1,
WormsTwoClass,LSTM autoencoder,0.7075757576,0.01051637623,0.0001,3.116464643,1,0.19293652,0.013360119,0.5,uniform
WormsTwoClass,LSTM autoencoder,0.7075757576,0.01051637623,0.0001,3.117217871,1,0.19238587,0.013483757,0.5,example-specific
WormsTwoClass,LSTM autoencoder,0.7075757576,0.01051637623,0.0001,3.116538362,1,0.19287123,0.013431594,0.5,global
WormsTwoClass,No autoencoder,0.7075757576,0,0.0001,0.1418879923,1,0.00043784955,0.0002661869,1,
WormsTwoClass,No autoencoder,0.7075757576,0,0.0001,0.1171819321,0.8620689655,-3.46E-05,0.0015040096,0.5,uniform
WormsTwoClass,No autoencoder,0.7075757576,0,0.0001,0.1235647888,0.8275862069,-1.07E-06,0.0010913545,0.5,example-specific
WormsTwoClass,No autoencoder,0.7075757576,0,0.0001,0.1240340651,0.8965517241,0.00022124525,0.0008368251,0.5,global
Wine,1dCNN autoencoder,0.5,0.0003524351341,0.0001,0.5457301158,1,0.00012591352,7.80E-05,1,
Wine,1dCNN autoencoder,0.5,0.0003524351341,0.0001,0.1622022014,0,-0.007487135,0.00018196068,0.5,uniform
Wine,1dCNN autoencoder,0.5,0.0003524351341,0.0001,0.6667669118,0.7391304348,0.00028659726,0.0003917937,0.5,example-specific
Wine,1dCNN autoencoder,0.5,0.0003524351341,0.0001,0.5444220365,1,0.00010521516,7.46E-05,0.5,global
Wine,LSTM autoencoder,0.5,0.0366794616,0.0001,3.013935561,1,0.0031616688,4.55E-05,1,
Wine,LSTM autoencoder,0.5,0.0366794616,0.0001,3.00351762,1,0.0031680127,3.56E-05,0.5,uniform
Wine,LSTM autoencoder,0.5,0.0366794616,0.0001,2.916076121,1,0.0035131418,0.00014964002,0.5,example-specific
Wine,LSTM autoencoder,0.5,0.0366794616,0.0001,3.000165303,1,0.003175637,4.74E-05,0.5,global
Wine,No autoencoder,0.5,0,0.001,0.2429251004,1,0.00022900364,0.00017983725,1,
Wine,No autoencoder,0.5,0,0.001,0.005668098227,0,-0.007159321,0.00016621225,0.5,uniform
Wine,No autoencoder,0.5,0,0.001,0.3912094198,1,9.77E-05,8.88E-05,0.5,example-specific
Wine,No autoencoder,0.5,0,0.001,0.2409439306,1,0.00027113376,0.00017341574,0.5,global
Wafer,1dCNN autoencoder,0.9996096799,1.86E-05,0.0001,0.2027162644,0.7973856209,0.04623602,0.26467386,1,
Wafer,1dCNN autoencoder,0.9996096799,1.86E-05,0.0001,0.03207526661,0.01307189542,-0.49345636,0.056857176,0.5,uniform
Wafer,1dCNN autoencoder,0.9996096799,1.86E-05,0.0001,0.1796187294,0.3660130719,0.062091492,0.49612963,0.5,example-specific
Wafer,1dCNN autoencoder,0.9996096799,1.86E-05,0.0001,0.202293417,0.3333333333,-0.20118959,0.36490363,0.5,global
Wafer,LSTM autoencoder,0.9996096799,0.001206567162,0.0001,0.4426748261,0.6993464052,-0.09100551,0.19906048,1,
Wafer,LSTM autoencoder,0.9996096799,0.0008730431437,0.0001,0.3181961446,0.2156862745,-0.3626461,0.2506675,0.5,uniform
Wafer,LSTM autoencoder,0.9996096799,0.001206567162,0.0001,0.4026416763,0.4509803922,-0.24356087,0.27123722,0.5,example-specific
Wafer,LSTM autoencoder,0.9996096799,0.0008730431437,0.0001,0.3410564218,0.3333333333,-0.3096064,0.26354834,0.5,global
Wafer,No autoencoder,0.9996096799,0,0.001,0.3061193305,0.660130719,0.05522912,0.42115727,1,
Wafer,No autoencoder,0.9996096799,0,0.001,0.007422404734,0.006535947712,-0.49346396,0.08058057,0.5,uniform
Wafer,No autoencoder,0.9996096799,0,0.001,0.2271814978,0.5620915033,-0.047351334,0.41126138,0.5,example-specific
Wafer,No autoencoder,0.9996096799,0,0.001,0.2143818731,0.522875817,-0.042594865,0.4459614,0.5,global
TwoLeadECG,1dCNN autoencoder,0.9957264957,0.0001042079748,0.0001,0.1907237956,1,0.00054164475,0.00028520625,1,
TwoLeadECG,1dCNN autoencoder,0.9957264957,0.0001042079748,0.0001,0.1471571231,0.9743589744,-0.008101432,0.06485978,0.5,uniform
TwoLeadECG,1dCNN autoencoder,0.9957264957,0.0001042079748,0.0001,0.1575369072,1,0.0004915371,0.0002672935,0.5,example-specific
TwoLeadECG,1dCNN autoencoder,0.9957264957,0.0001042079748,0.0001,0.160942077,0.9914529915,0.000569692,0.0002814021,0.5,global
TwoLeadECG,LSTM autoencoder,0.9957264957,0.004172650166,0.001,0.9964768371,1,0.00050577597,0.0002885025,1,
TwoLeadECG,LSTM autoencoder,0.9957264957,0.004172650166,0.001,0.5932690728,0.9145299145,6.32E-05,0.0045099882,0.5,uniform
TwoLeadECG,LSTM autoencoder,0.9957264957,0.004172650166,0.001,0.6609306743,0.9743589744,0.00070133625,0.0052246945,0.5,example-specific
TwoLeadECG,LSTM autoencoder,0.9957264957,0.004172650166,0.001,0.7449805242,1,0.00047902775,0.0002776621,0.5,global
TwoLeadECG,No autoencoder,0.9957264957,0,0.001,0.2146087334,1,0.00050153944,0.00027100177,1,
TwoLeadECG,No autoencoder,0.9957264957,0,0.001,0.1214526931,0.8717948718,-0.029686142,0.118613645,0.5,uniform
TwoLeadECG,No autoencoder,0.9957264957,0,0.001,0.1587328823,1,0.000497062,0.00027343407,0.5,example-specific
TwoLeadECG,No autoencoder,0.9957264957,0,0.001,0.1613891597,0.9743589744,0.00043810508,0.00048351893,0.5,global
ToeSegmentation2,1dCNN autoencoder,0.7777777778,0.0002235663123,0.0001,0.4239110787,1,0.00045484098,0.00024501086,1,
ToeSegmentation2,1dCNN autoencoder,0.7777777778,0.0002235663123,0.0001,0.1634460684,0.03448275862,-0.010565886,0.0073562213,0.5,uniform
ToeSegmentation2,1dCNN autoencoder,0.7777777778,0.0002235663123,0.0001,0.4917750151,0.724137931,0.00040899063,0.0003530425,0.5,example-specific
ToeSegmentation2,1dCNN autoencoder,0.7777777778,0.0002235663123,0.0001,0.4716389456,0.8275862069,-0.00027520594,0.0010968294,0.5,global
ToeSegmentation2,LSTM autoencoder,0.7777777778,0.01524911355,0.0001,2.274881409,0,-0.0022942598,9.56E-05,1,
ToeSegmentation2,LSTM autoencoder,0.7777777778,0.01524911355,0.0001,2.278872209,0,-0.0031525185,0.00020933674,0.5,uniform
ToeSegmentation2,LSTM autoencoder,0.7777777778,0.01524911355,0.0001,2.2798681,0,-0.0031349896,0.00024793396,0.5,example-specific
ToeSegmentation2,LSTM autoencoder,0.7777777778,0.01524911355,0.0001,2.278060777,0,-0.0031376698,0.00023060328,0.5,global
ToeSegmentation2,No autoencoder,0.7777777778,0,0.001,0.1680382874,1,0.00055736507,0.00028922528,1,
ToeSegmentation2,No autoencoder,0.7777777778,0,0.001,0.009953089022,0.1379310345,-0.0114441,0.007846641,0.5,uniform
ToeSegmentation2,No autoencoder,0.7777777778,0,0.001,0.254673774,1,0.00041108913,0.00030265018,0.5,example-specific
ToeSegmentation2,No autoencoder,0.7777777778,0,0.001,0.2420126472,1,0.0003328467,0.00023921297,0.5,global
ToeSegmentation1,1dCNN autoencoder,0.7129120879,0.000289320451,0.0001,0.4617626945,1,0.00059354305,0.00028879975,1,
ToeSegmentation1,1dCNN autoencoder,0.7129120879,0.000289320451,0.0001,0.3234432676,0.8292682927,-0.04870198,0.14834969,0.5,uniform
ToeSegmentation1,1dCNN autoencoder,0.7129120879,0.000289320451,0.0001,0.4057848478,0.9756097561,0.0002455537,0.0023138192,0.5,example-specific
ToeSegmentation1,1dCNN autoencoder,0.7129120879,0.000289320451,0.0001,0.4032510719,0.9756097561,0.0008533662,0.0022128285,0.5,global
ToeSegmentation1,LSTM autoencoder,0.7129120879,0.01488258224,0.001,2.471950956,0.1951219512,-0.15850212,0.20108855,1,
ToeSegmentation1,LSTM autoencoder,0.7129120879,0.01488258224,0.001,2.288616362,0.0487804878,-0.26292467,0.19031292,0.5,uniform
ToeSegmentation1,LSTM autoencoder,0.7129120879,0.01488258224,0.001,2.327602235,0.09756097561,-0.2366816,0.19987708,0.5,example-specific
ToeSegmentation1,LSTM autoencoder,0.7129120879,0.01488258224,0.001,2.288734203,0.07317073171,-0.25685054,0.19698817,0.5,global
ToeSegmentation1,No autoencoder,0.7129120879,0,0.001,0.3444463832,1,0.00053336273,0.00027808105,1,
ToeSegmentation1,No autoencoder,0.7129120879,0,0.001,0.1596057608,0.8048780488,-0.07299789,0.17673962,0.5,uniform
ToeSegmentation1,No autoencoder,0.7129120879,0,0.001,0.266215962,0.9512195122,0.00023930175,0.00087947247,0.5,example-specific
ToeSegmentation1,No autoencoder,0.7129120879,0,0.001,0.2551907637,0.9756097561,0.00042492006,0.00044229542,0.5,global
Strawberry,1dCNN autoencoder,0.9810461192,5.52E-05,0.0001,0.3474007312,0.768,0.38,0.3249615,1,
Strawberry,1dCNN autoencoder,0.9810461192,5.52E-05,0.0001,0.2108012854,0.632,-0.0421682,0.38516617,0.5,uniform
Strawberry,1dCNN autoencoder,0.9810461192,5.52E-05,0.0001,0.2595701496,0.688,0.021933358,0.38962477,0.5,example-specific
Strawberry,1dCNN autoencoder,0.9810461192,5.52E-05,0.0001,0.2842842021,0.68,-0.009670165,0.3721228,0.5,global
Strawberry,LSTM autoencoder,0.9810461192,0.002418279881,0.0001,0.7636541717,0,-0.5,0,1,
Strawberry,LSTM autoencoder,0.9810461192,0.002491835272,0.0001,0.7605656633,0,-0.5,0,0.5,uniform
Strawberry,LSTM autoencoder,0.9810461192,0.002418279881,0.0001,0.7561827502,0,-0.5,1.77E-08,0.5,example-specific
Strawberry,LSTM autoencoder,0.9810461192,0.002418585587,0.0001,0.7760337533,0,-0.49610475,0.037345216,0.5,global
Strawberry,No autoencoder,0.9810461192,0,0.0001,0.06102287558,0.992,0.00051868317,0.00051180244,1,
Strawberry,No autoencoder,0.9810461192,0,0.0001,0.02973330662,0.664,-0.16367035,0.23495889,0.5,uniform
Strawberry,No autoencoder,0.9810461192,0,0.0001,0.0639696898,0.952,0.0010828447,0.008221115,0.5,example-specific
Strawberry,No autoencoder,0.9810461192,0,0.0001,0.06185357529,0.968,0.00030510474,0.0015358953,0.5,global
SonyAIBORobotSurface2,1dCNN autoencoder,0.9784022039,0.000660736172,0.0001,0.288768225,0.9669421488,0.00057358266,0.0005801378,1,
SonyAIBORobotSurface2,1dCNN autoencoder,0.9784022039,0.000660736172,0.0001,0.1128596509,0.2314049587,-0.3725199,0.21730982,0.5,uniform
SonyAIBORobotSurface2,1dCNN autoencoder,0.9784022039,0.000660736172,0.0001,0.2530199839,0.5785123967,-0.1583399,0.23268422,0.5,example-specific
SonyAIBORobotSurface2,1dCNN autoencoder,0.9784022039,0.000660736172,0.0001,0.215543521,0.3719008264,-0.2792029,0.24723014,0.5,global
SonyAIBORobotSurface2,LSTM autoencoder,0.9784022039,0.01451488677,0.001,0.9725435608,0.9917355372,0.005207249,0.04544406,1,
SonyAIBORobotSurface2,LSTM autoencoder,0.9784022039,0.01448523626,0.001,0.9551235379,0.9752066116,0.0014442969,0.004158278,0.5,uniform
SonyAIBORobotSurface2,LSTM autoencoder,0.9784022039,0.01451488677,0.001,0.9549476911,0.9917355372,0.0025596549,0.007515545,0.5,example-specific
SonyAIBORobotSurface2,LSTM autoencoder,0.9784022039,0.01454509143,0.001,0.9551111336,0.9917355372,0.0014873206,0.004588556,0.5,global
SonyAIBORobotSurface2,No autoencoder,0.9784022039,0,0.001,0.2413011461,0.9834710744,0.0004907361,0.0005920221,1,
SonyAIBORobotSurface2,No autoencoder,0.9784022039,0,0.001,0.0198620668,0.1652892562,-0.41315174,0.18948808,0.5,uniform
SonyAIBORobotSurface2,No autoencoder,0.9784022039,0,0.001,0.2576098995,0.9173553719,-0.00010492043,0.0036022726,0.5,example-specific
SonyAIBORobotSurface2,No autoencoder,0.9784022039,0,0.001,0.2612988372,0.9504132231,0.00026404587,0.0020274196,0.5,global
SonyAIBORobotSurface1,1dCNN autoencoder,1,0.0007215117221,0.0001,0.2969265347,0.9818181818,0.0006164589,0.0011866284,1,
SonyAIBORobotSurface1,1dCNN autoencoder,1,0.0007215117221,0.0001,0.1390784883,0.3818181818,-0.2997551,0.24518706,0.5,uniform
SonyAIBORobotSurface1,1dCNN autoencoder,1,0.0007215117221,0.0001,0.2717478613,0.8,-0.07298906,0.17618117,0.5,example-specific
SonyAIBORobotSurface1,1dCNN autoencoder,1,0.0007215117221,0.0001,0.2732757995,0.7636363636,-0.098027386,0.20113388,0.5,global
SonyAIBORobotSurface1,LSTM autoencoder,1,0.007657646202,0.001,0.6822652858,1,0.00049501983,0.00028432513,1,
SonyAIBORobotSurface1,LSTM autoencoder,1,0.007657645736,0.001,0.5943996613,0.9454545455,0.00034867038,0.00075852213,0.5,uniform
SonyAIBORobotSurface1,LSTM autoencoder,1,0.007657646202,0.001,0.6112417733,0.9818181818,0.00031645407,0.00082195725,0.5,example-specific
SonyAIBORobotSurface1,LSTM autoencoder,1,0.007657644339,0.001,0.6107864844,0.9636363636,0.00030168728,0.0007685288,0.5,global
SonyAIBORobotSurface1,No autoencoder,1,0,0.001,0.2487112928,0.9818181818,0.0005714048,0.00063349056,1,
SonyAIBORobotSurface1,No autoencoder,1,0,0.001,0.03146184155,0.2363636364,-0.38166165,0.21257466,0.5,uniform
SonyAIBORobotSurface1,No autoencoder,1,0,0.001,0.2435944115,0.9818181818,0.0005771827,0.0008228533,0.5,example-specific
SonyAIBORobotSurface1,No autoencoder,1,0,0.001,0.2408378748,0.9272727273,0.0003062828,0.0008546263,0.5,global
ShapeletSim,1dCNN autoencoder,0.725,0.02821232006,0.0001,3.798251963,1,0.0002567126,0.00019581517,1,
ShapeletSim,1dCNN autoencoder,0.725,0.02821232006,0.0001,3.512019198,0.3076923077,-0.004170991,0.0046135043,0.5,uniform
ShapeletSim,1dCNN autoencoder,0.725,0.02821232006,0.0001,3.748961074,1,0.00018618657,0.00022222142,0.5,example-specific
ShapeletSim,1dCNN autoencoder,0.725,0.02821232006,0.0001,3.728754647,0.9230769231,5.19E-05,0.00041606437,0.5,global
ShapeletSim,LSTM autoencoder,0.725,0.07060529292,0.0001,5.952170542,1,0.0034953814,0.00011113776,1,
ShapeletSim,LSTM autoencoder,0.725,0.07060529292,0.0001,5.942822048,1,0.0039555384,0.00016144247,0.5,uniform
ShapeletSim,LSTM autoencoder,0.725,0.07060529292,0.0001,5.94601685,1,0.0039702835,0.0002835036,0.5,example-specific
ShapeletSim,LSTM autoencoder,0.725,0.07060529292,0.0001,5.943947046,1,0.0039528515,0.00021420179,0.5,global
ShapeletSim,No autoencoder,0.725,0,0.001,0.2566828709,1,0.00045422866,0.000254262,1,
ShapeletSim,No autoencoder,0.725,0,0.001,0.007465699417,0,-0.009680629,0.006456899,0.5,uniform
ShapeletSim,No autoencoder,0.725,0,0.001,0.3829507866,0.9230769231,0.00021804067,0.00021023372,0.5,example-specific
ShapeletSim,No autoencoder,0.725,0,0.001,0.4473179276,0.9230769231,0.00015801421,0.00020247458,0.5,global
SemgHandGenderCh2,1dCNN autoencoder,0.9537037037,2.79E-05,0.001,2.761456449,0.5223880597,0.02238806,0.49949855,1,
SemgHandGenderCh2,1dCNN autoencoder,0.9537037037,2.79E-05,0.001,1.139116346,0.4029850746,-0.097014755,0.4904976,0.5,uniform
SemgHandGenderCh2,1dCNN autoencoder,0.9537037037,2.79E-05,0.001,1.588632357,0.4626865672,-0.044765864,0.4942314,0.5,example-specific
SemgHandGenderCh2,1dCNN autoencoder,0.9537037037,2.79E-05,0.001,1.821099872,0.5223880597,0.02238806,0.49949855,0.5,global
SemgHandGenderCh2,LSTM autoencoder,0.9537037037,0.0004328119976,0.0001,0.8809447817,1,0.49999976,0,1,
SemgHandGenderCh2,LSTM autoencoder,0.9537037037,0.0004328119976,0.0001,0.8735770766,1,0.4999997,1.04E-07,0.5,uniform
SemgHandGenderCh2,LSTM autoencoder,0.9537037037,0.0004328119976,0.0001,0.8731072258,1,0.4999997,9.96E-08,0.5,example-specific
SemgHandGenderCh2,LSTM autoencoder,0.9537037037,0.0004328119976,0.0001,0.8724590648,1,0.4999997,9.96E-08,0.5,global
SemgHandGenderCh2,No autoencoder,0.9537037037,0,0.001,1.079783231,0.9402985075,0.4179277,0.2532635,1,
SemgHandGenderCh2,No autoencoder,0.9537037037,0,0.001,0.6581403203,0.7164179104,0.18659449,0.44750085,0.5,uniform
SemgHandGenderCh2,No autoencoder,0.9537037037,0,0.001,0.7174985498,0.8059701493,0.14205849,0.34326407,0.5,example-specific
SemgHandGenderCh2,No autoencoder,0.9537037037,0,0.001,0.7528963337,0.8955223881,0.38061047,0.31252676,0.5,global
ProximalPhalanxOutlineCorrect,1dCNN autoencoder,0.8888409548,0.0001478334161,0.0001,0.1806331085,0.8983050847,0.01749385,0.22481865,1,
ProximalPhalanxOutlineCorrect,1dCNN autoencoder,0.8888409548,0.0001478334161,0.0001,0.1311162483,0.6779661017,-0.109978594,0.29206645,0.5,uniform
ProximalPhalanxOutlineCorrect,1dCNN autoencoder,0.8888409548,0.0001478334161,0.0001,0.1710108248,0.7627118644,-0.04174579,0.2952609,0.5,example-specific
ProximalPhalanxOutlineCorrect,1dCNN autoencoder,0.8888409548,0.0001478334161,0.0001,0.1580568914,0.813559322,-0.015654882,0.2601407,0.5,global
ProximalPhalanxOutlineCorrect,LSTM autoencoder,0.8888409548,0.004591348115,0.0001,0.5249217841,0,-0.5,0,1,
ProximalPhalanxOutlineCorrect,LSTM autoencoder,0.8888409548,0.004591348115,0.0001,0.4934657356,0,-0.5,0,0.5,uniform
ProximalPhalanxOutlineCorrect,LSTM autoencoder,0.8888409548,0.004591348115,0.0001,0.5213384897,0,-0.5,0,0.5,example-specific
ProximalPhalanxOutlineCorrect,LSTM autoencoder,0.8888409548,0.004590641707,0.0001,0.5039531472,0,-0.5,0,0.5,global
ProximalPhalanxOutlineCorrect,No autoencoder,0.8888409548,0,0.0001,0.02195951555,0.9152542373,-0.024945635,0.10995725,1,
ProximalPhalanxOutlineCorrect,No autoencoder,0.8888409548,0,0.0001,0.009651984842,0.593220339,-0.1947166,0.24401447,0.5,uniform
ProximalPhalanxOutlineCorrect,No autoencoder,0.8888409548,0,0.0001,0.0223413913,0.8983050847,-0.024334224,0.110233195,0.5,example-specific
ProximalPhalanxOutlineCorrect,No autoencoder,0.8888409548,0,0.0001,0.02531738966,0.9152542373,-0.02595367,0.112631775,0.5,global
PowerCons,1dCNN autoencoder,1,0.0005130179925,0.001,2.186173705,1,0.0004423393,0.00030847694,1,
PowerCons,1dCNN autoencoder,1,0.0005130179925,0.001,0.9928652712,0.1666666667,-0.018569557,0.010234842,0.5,uniform
PowerCons,1dCNN autoencoder,1,0.0005130179925,0.001,1.255062309,1,0.0005294118,0.00026323012,0.5,example-specific
PowerCons,1dCNN autoencoder,1,0.0005130179925,0.001,1.2754408,1,0.00052622956,0.00027799304,0.5,global
PowerCons,LSTM autoencoder,1,0.02223513834,0.001,2.081329705,1,0.000549025,0.00028596842,1,
PowerCons,LSTM autoencoder,1,0.02223513834,0.001,1.963416352,0.25,-0.034337692,0.027211944,0.5,uniform
PowerCons,LSTM autoencoder,1,0.02223513834,0.001,1.99337218,0.3888888889,-0.014678051,0.021643283,0.5,example-specific
PowerCons,LSTM autoencoder,1,0.02223513834,0.001,1.986744303,0.3611111111,-0.017228048,0.02242469,0.5,global
PowerCons,No autoencoder,1,0,0.001,0.9607863662,1,0.00069104467,0.0014060183,1,
PowerCons,No autoencoder,1,0,0.001,0.6513503173,0.08333333333,-0.025344733,0.010593317,0.5,uniform
PowerCons,No autoencoder,1,0,0.001,0.8133228002,0.1944444444,-0.010456614,0.009461926,0.5,example-specific
PowerCons,No autoencoder,1,0,0.001,0.821996172,0.3055555556,-0.00770467,0.008172981,0.5,global
PhalangesOutlinesCorrect,1dCNN autoencoder,0.8074448529,7.38E-05,0.0001,0.1811413561,0.8242424242,-0.05067518,0.19588892,1,
PhalangesOutlinesCorrect,1dCNN autoencoder,0.8074448529,7.38E-05,0.0001,0.1289993069,0.7818181818,-0.0756127,0.24323963,0.5,uniform
PhalangesOutlinesCorrect,1dCNN autoencoder,0.8074448529,7.38E-05,0.0001,0.1551454804,0.7939393939,-0.066377394,0.23707478,0.5,example-specific
PhalangesOutlinesCorrect,1dCNN autoencoder,0.8074448529,7.38E-05,0.0001,0.1563305872,0.8606060606,-0.03802788,0.2063239,0.5,global
PhalangesOutlinesCorrect,LSTM autoencoder,0.8074448529,0.002375255339,0.0001,0.4888188356,0.9212121212,-0.0019225072,0.030574743,1,
PhalangesOutlinesCorrect,LSTM autoencoder,0.8074448529,0.002377483295,0.0001,0.4014488954,0.3696969697,-0.25464258,0.24323405,0.5,uniform
PhalangesOutlinesCorrect,LSTM autoencoder,0.8074448529,0.002375255339,0.0001,0.4439901779,0.5333333333,-0.1702908,0.23277947,0.5,example-specific
PhalangesOutlinesCorrect,LSTM autoencoder,0.8074448529,0.002377483295,0.0001,0.4071017241,0.4181818182,-0.2429561,0.24534339,0.5,global
PhalangesOutlinesCorrect,No autoencoder,0.8074448529,0,0.0001,0.02977539041,0.9393939394,-0.013863939,0.087159105,1,
PhalangesOutlinesCorrect,No autoencoder,0.8074448529,0,0.0001,0.01456332408,0.7272727273,-0.13596196,0.22292179,0.5,uniform
PhalangesOutlinesCorrect,No autoencoder,0.8074448529,0,0.0001,0.02855971043,0.9272727273,-0.023970691,0.10749119,0.5,example-specific
PhalangesOutlinesCorrect,No autoencoder,0.8074448529,0,0.0001,0.02823274473,0.8909090909,-0.026848305,0.11354707,0.5,global
MoteStrain,1dCNN autoencoder,0.9303167141,0.0005506709567,0.0001,0.285441594,1,0.00051999313,0.00029721603,1,
MoteStrain,1dCNN autoencoder,0.9303167141,0.0005506709567,0.0001,0.2267266767,0.8532110092,-0.045547836,0.14409009,0.5,uniform
MoteStrain,1dCNN autoencoder,0.9303167141,0.0005506709567,0.0001,0.258799553,0.9816513761,0.0004201761,0.000383451,0.5,example-specific
MoteStrain,1dCNN autoencoder,0.9303167141,0.0005506709567,0.0001,0.2528963919,1,0.00049634976,0.0002957188,0.5,global
MoteStrain,LSTM autoencoder,0.9303167141,0.002582431538,0.0001,0.4927292667,1,0.00049689604,0.0002916927,1,
MoteStrain,LSTM autoencoder,0.9303167141,0.002582431538,0.0001,0.4885858075,0.8165137615,-0.0006818668,0.0033807603,0.5,uniform
MoteStrain,LSTM autoencoder,0.9303167141,0.002582431538,0.0001,0.4904611079,0.9449541284,0.0003995272,0.0007375188,0.5,example-specific
MoteStrain,LSTM autoencoder,0.9303167141,0.002582431538,0.0001,0.4896776927,0.9174311927,0.00023846998,0.0016267331,0.5,global
MoteStrain,No autoencoder,0.9303167141,0,0.001,0.2197376837,1,0.00049524626,0.00029444706,1,
MoteStrain,No autoencoder,0.9303167141,0,0.001,0.1104453091,0.8532110092,-0.063854836,0.16737834,0.5,uniform
MoteStrain,No autoencoder,0.9303167141,0,0.001,0.1659028993,0.9908256881,0.00044675486,0.00036919187,0.5,example-specific
MoteStrain,No autoencoder,0.9303167141,0,0.001,0.1666575854,0.9816513761,0.00044688527,0.00033013898,0.5,global
MiddlePhalanxOutlineCorrect,1dCNN autoencoder,0.8344594595,0.0001714825194,0.0001,0.175207152,0.9166666667,-0.024342136,0.14230625,1,
MiddlePhalanxOutlineCorrect,1dCNN autoencoder,0.8344594595,0.0001714825194,0.0001,0.1491296446,0.8333333333,-0.06527375,0.19351251,0.5,uniform
MiddlePhalanxOutlineCorrect,1dCNN autoencoder,0.8344594595,0.0001714825194,0.0001,0.1607220337,0.9,-0.02466659,0.1920703,0.5,example-specific
MiddlePhalanxOutlineCorrect,1dCNN autoencoder,0.8344594595,0.0001714825194,0.0001,0.1598937237,0.8833333333,-0.049500253,0.17570756,0.5,global
MiddlePhalanxOutlineCorrect,LSTM autoencoder,0.8344594595,0.005483433604,0.001,1.076078782,0.9666666667,0.051544733,0.1495383,1,
MiddlePhalanxOutlineCorrect,LSTM autoencoder,0.8344594595,0.005483433604,0.001,0.5899844389,0.05,-0.47496966,0.10910092,0.5,uniform
MiddlePhalanxOutlineCorrect,LSTM autoencoder,0.8344594595,0.005483433604,0.001,0.67653886,0.1333333333,-0.43221822,0.17287982,0.5,example-specific
MiddlePhalanxOutlineCorrect,LSTM autoencoder,0.8344594595,0.005452490877,0.001,0.6680779928,0.05,-0.47497925,0.109062426,0.5,global
MiddlePhalanxOutlineCorrect,No autoencoder,0.8344594595,0,0.0001,0.03331016294,0.9833333333,-0.0077831685,0.06408248,1,
MiddlePhalanxOutlineCorrect,No autoencoder,0.8344594595,0,0.0001,0.0146197178,0.65,-0.17464693,0.2387351,0.5,uniform
MiddlePhalanxOutlineCorrect,No autoencoder,0.8344594595,0,0.0001,0.03438942411,0.9333333333,-0.0064885034,0.06473929,0.5,example-specific
MiddlePhalanxOutlineCorrect,No autoencoder,0.8344594595,0,0.0001,0.03398102641,0.95,-0.008121286,0.06407624,0.5,global
Lightning2,1dCNN autoencoder,0.6,0.0001854438742,0.0001,0.377652747,1,1.32E-05,1.27E-05,1,
Lightning2,1dCNN autoencoder,0.6,0.0001854438742,0.0001,0.313659394,0.5,-9.98E-07,7.32E-06,0.5,uniform
Lightning2,1dCNN autoencoder,0.6,0.0001854438742,0.0001,0.3466756402,1,4.14E-06,3.73E-06,0.5,example-specific
Lightning2,1dCNN autoencoder,0.6,0.0001854438742,0.0001,0.3191549027,1,4.35E-06,7.15E-07,0.5,global
Lightning2,LSTM autoencoder,0.6,0.00388139952,0.0001,1.591754374,1,0.0034882426,6.61E-05,1,
Lightning2,LSTM autoencoder,0.6,0.00388139952,0.0001,1.592642295,1,0.003531456,0.0001360178,0.5,uniform
Lightning2,LSTM autoencoder,0.6,0.00388139952,0.0001,1.590948997,1,0.00347656,8.16E-05,0.5,example-specific
Lightning2,LSTM autoencoder,0.6,0.00388139952,0.0001,1.603981798,1,0.0036229491,0.00022214651,0.5,global
Lightning2,No autoencoder,0.6,0,0.0001,0.002866688958,1,4.08E-06,3.01E-06,1,
Lightning2,No autoencoder,0.6,0,0.0001,0.000619789567,0.5,-9.29E-05,0.00010704994,0.5,uniform
Lightning2,No autoencoder,0.6,0,0.0001,0.007963397253,0.5,0.00015670061,4.10E-05,0.5,example-specific
Lightning2,No autoencoder,0.6,0,0.0001,0.005177368955,1,8.20E-06,9.83E-07,0.5,global
ItalyPowerDemand,1dCNN autoencoder,0.9636363636,0.0006304887938,0.001,0.7040165323,0.9912280702,0.02242451,0.102284625,1,
ItalyPowerDemand,1dCNN autoencoder,0.9636363636,0.0006304887938,0.001,0.1803697816,0.4912280702,-0.14991894,0.22804272,0.5,uniform
ItalyPowerDemand,1dCNN autoencoder,0.9636363636,0.0006304887938,0.001,0.5153225562,0.8859649123,-0.0052532554,0.047069848,0.5,example-specific
ItalyPowerDemand,1dCNN autoencoder,0.9636363636,0.0006304887938,0.001,0.3807923835,0.8596491228,-0.005086131,0.1509737,0.5,global
ItalyPowerDemand,LSTM autoencoder,0.9636363636,0.004042591434,0.001,0.4438024715,1,0.0005211511,0.0003069017,1,
ItalyPowerDemand,LSTM autoencoder,0.9636363636,0.0040425919,0.001,0.3677028977,0.5263157895,-0.0051756725,0.0065304,0.5,uniform
ItalyPowerDemand,LSTM autoencoder,0.9636363636,0.004042591434,0.001,0.3884775196,0.6929824561,-0.0028091515,0.005617899,0.5,example-specific
ItalyPowerDemand,LSTM autoencoder,0.9636363636,0.004042592831,0.001,0.3881276334,0.7807017544,-0.0015083925,0.004839692,0.5,global
ItalyPowerDemand,No autoencoder,0.9636363636,0,0.001,0.3397200893,1,0.00048539825,0.00029409892,1,
ItalyPowerDemand,No autoencoder,0.9636363636,0,0.001,0.04746143272,0.1578947368,-0.33422127,0.23338269,0.5,uniform
ItalyPowerDemand,No autoencoder,0.9636363636,0,0.001,0.3137863393,0.6578947368,-0.0024446698,0.0046402453,0.5,example-specific
ItalyPowerDemand,No autoencoder,0.9636363636,0,0.001,0.2731373121,0.7631578947,-0.005178476,0.043687318,0.5,global
HouseTwenty,1dCNN autoencoder,0.7698412698,0.0008330689743,0.0001,1.324816133,1,0.00030010045,0.00014747125,1,
HouseTwenty,1dCNN autoencoder,0.7698412698,0.0008330689743,0.0001,1.134146632,0.05,-0.0058834613,0.0044319695,0.5,uniform
HouseTwenty,1dCNN autoencoder,0.7698412698,0.0008330689743,0.0001,1.479586353,0.65,0.00031233727,0.0002833642,0.5,example-specific
HouseTwenty,1dCNN autoencoder,0.7698412698,0.0008330689743,0.0001,1.382497581,0.85,-0.00020740181,0.0008784273,0.5,global
HouseTwenty,LSTM autoencoder,0.7698412698,0.01498767454,0.0001,5.821156181,0,-0.000670895,5.35E-05,1,
HouseTwenty,LSTM autoencoder,0.7698412698,0.01498767454,0.0001,5.809608379,0,-0.0007061884,0.00030464065,0.5,uniform
HouseTwenty,LSTM autoencoder,0.7698412698,0.01498767454,0.0001,5.823076269,0,-0.00047616512,0.00036626725,0.5,example-specific
HouseTwenty,LSTM autoencoder,0.7698412698,0.01498767454,0.0001,5.733751659,0,-0.0009425357,0.0007625236,0.5,global
HouseTwenty,No autoencoder,0.7698412698,0,0.001,0.1976358956,1,0.0003896177,0.00023855177,1,
HouseTwenty,No autoencoder,0.7698412698,0,0.001,0.02385267868,0.15,-0.006205839,0.004783863,0.5,uniform
HouseTwenty,No autoencoder,0.7698412698,0,0.001,0.4271476451,0.95,0.00012492537,0.00066832895,0.5,example-specific
HouseTwenty,No autoencoder,0.7698412698,0,0.001,0.3269498602,1,0.00020872355,0.00022187406,0.5,global
Herring,1dCNN autoencoder,0.5125,0.0001922937954,0.0001,0.3684537156,1,0.00018155575,0.00024779188,1,
Herring,1dCNN autoencoder,0.5125,0.0001922937954,0.0001,0.3319775937,0.6666666667,-5.71E-05,0.000506378,0.5,uniform
Herring,1dCNN autoencoder,0.5125,0.0001922937954,0.0001,0.3512915066,0.6666666667,0.00022025903,0.00022150109,0.5,example-specific
Herring,1dCNN autoencoder,0.5125,0.0001922937954,0.0001,0.3495277162,1,0.00018239021,0.00024721582,0.5,global
Herring,LSTM autoencoder,0.5125,0.03895843774,0.0001,4.658003271,1,0.00029500326,7.91E-07,1,
Herring,LSTM autoencoder,0.5125,0.03895843774,0.0001,4.658003271,1,0.00029500326,7.91E-07,0.5,uniform
Herring,LSTM autoencoder,0.5125,0.03895843774,0.0001,4.658003271,1,0.00029500326,7.91E-07,0.5,example-specific
Herring,LSTM autoencoder,0.5125,0.03895843774,0.0001,4.658003271,1,0.00029500326,7.91E-07,0.5,global
Herring,No autoencoder,0.5125,0,0.0001,0.02133168382,1,1.83E-05,7.67E-06,1,
Herring,No autoencoder,0.5125,0,0.0001,0.0003636287245,0,-0.0006744166,0.00024062544,0.5,uniform
Herring,No autoencoder,0.5125,0,0.0001,0.03067989866,0.6666666667,7.35E-05,3.31E-05,0.5,example-specific
Herring,No autoencoder,0.5125,0,0.0001,0.03496310017,0.6666666667,-5.17E-05,7.51E-05,0.5,global
HandOutlines,1dCNN autoencoder,0.8855699856,4.21E-06,0.0001,0.7439660803,0.7717391304,0.043320168,0.3509131,1,
HandOutlines,1dCNN autoencoder,0.8855699856,4.21E-06,0.0001,0.2975074994,0.4347826087,-0.1748261,0.39798427,0.5,uniform
HandOutlines,1dCNN autoencoder,0.8855699856,4.21E-06,0.0001,0.6091167013,0.7282608696,0.0015016787,0.35392934,0.5,example-specific
HandOutlines,1dCNN autoencoder,0.8855699856,4.21E-06,0.0001,0.6100904793,0.7065217391,0.048469257,0.37646234,0.5,global
HandOutlines,LSTM autoencoder,0.8855699856,0.02376226522,0.0001,9.095570025,0,-0.49927577,0.0001479861,1,
HandOutlines,LSTM autoencoder,0.8855699856,0.02376226522,0.0001,7.916330577,0,-0.49999812,8.74E-06,0.5,uniform
HandOutlines,LSTM autoencoder,0.8855699856,0.02376226522,0.0001,7.948475378,0,-0.49999744,1.50E-05,0.5,example-specific
HandOutlines,LSTM autoencoder,0.8855699856,0.02376226522,0.0001,7.938542127,0,-0.49999192,6.15E-05,0.5,global
HandOutlines,No autoencoder,0.8855699856,0,0.0001,0.2311116182,0.8913043478,-0.027499005,0.114367366,1,
HandOutlines,No autoencoder,0.8855699856,0,0.0001,0.06305386326,0.5,-0.2497231,0.2502706,0.5,uniform
HandOutlines,No autoencoder,0.8855699856,0,0.0001,0.1953898122,0.7391304348,-0.10963263,0.20592284,0.5,example-specific
HandOutlines,No autoencoder,0.8855699856,0,0.0001,0.2140434803,0.7717391304,-0.066597864,0.16733055,0.5,global
Ham,1dCNN autoencoder,0.7164502165,6.69E-05,0.0001,0.2394710344,1,0.0001557827,0.00010756365,1,
Ham,1dCNN autoencoder,0.7164502165,6.69E-05,0.0001,0.1228057925,0.1666666667,-0.0015413195,0.0012501233,0.5,uniform
Ham,1dCNN autoencoder,0.7164502165,6.69E-05,0.0001,0.2526392204,0.8,0.00015806952,0.00029247164,0.5,example-specific
Ham,1dCNN autoencoder,0.7164502165,6.69E-05,0.0001,0.2229399228,1,8.51E-05,8.66E-05,0.5,global
Ham,LSTM autoencoder,0.7164502165,0.00907949172,0.0001,1.98451937,0,-0.0045700083,0.00019342714,1,
Ham,LSTM autoencoder,0.7164502165,0.009079490788,0.0001,1.986373319,0,-0.004567369,0.00016767715,0.5,uniform
Ham,LSTM autoencoder,0.7164502165,0.00907949172,0.0001,1.986775378,0,-0.004562377,0.00017177186,0.5,example-specific
Ham,LSTM autoencoder,0.7164502165,0.009079490788,0.0001,1.988257818,0,-0.0045417785,0.0001745581,0.5,global
Ham,No autoencoder,0.7164502165,0,0.0001,0.04334585276,1,6.48E-05,4.67E-05,1,
Ham,No autoencoder,0.7164502165,0,0.0001,0.0007954875131,0,-0.0022292277,0.0012333526,0.5,uniform
Ham,No autoencoder,0.7164502165,0,0.0001,0.09841396487,0.5333333333,0.00018005172,0.00017147172,0.5,example-specific
Ham,No autoencoder,0.7164502165,0,0.0001,0.0693028092,0.9333333333,1.89E-05,3.73E-05,0.5,global
GunPointOldVersusYoung,1dCNN autoencoder,1,6.27E-05,0.001,3.35865665,1,0.00045369318,0.00024963205,1,
GunPointOldVersusYoung,1dCNN autoencoder,1,6.27E-05,0.001,1.049550035,0,-0.11268484,0.031018324,0.5,uniform
GunPointOldVersusYoung,1dCNN autoencoder,1,6.27E-05,0.001,2.999040983,0.6875,-0.006231952,0.014241625,0.5,example-specific
GunPointOldVersusYoung,1dCNN autoencoder,1,6.27E-05,0.001,2.902532455,0.7083333333,-0.0024381597,0.0074322014,0.5,global
GunPointOldVersusYoung,LSTM autoencoder,1,0.009065888822,0.001,3.604372723,0.9791666667,0.0008273013,0.0032004365,1,
GunPointOldVersusYoung,LSTM autoencoder,1,0.009063878097,0.001,1.315895421,0,-0.22504945,0.032926515,0.5,uniform
GunPointOldVersusYoung,LSTM autoencoder,1,0.009065888822,0.001,2.201715213,0.2083333333,-0.102976374,0.09767095,0.5,example-specific
GunPointOldVersusYoung,LSTM autoencoder,1,0.00906590838,0.001,1.915689203,0.04166666667,-0.148955,0.080970414,0.5,global
GunPointOldVersusYoung,No autoencoder,1,0,0.001,1.475524175,0.8541666667,-0.0040700673,0.017230948,1,
GunPointOldVersusYoung,No autoencoder,1,0,0.001,0.9150447368,0,-0.10774758,0.035804827,0.5,uniform
GunPointOldVersusYoung,No autoencoder,1,0,0.001,1.42038989,0.02083333333,-0.051001105,0.041581787,0.5,example-specific
GunPointOldVersusYoung,No autoencoder,1,0,0.001,1.440326273,0.04166666667,-0.05222866,0.0360106,0.5,global
GunPointMaleVersusFemale,1dCNN autoencoder,1,8.00E-05,0.0001,0.5088939537,0.9534883721,0.00040489435,0.0011436809,1,
GunPointMaleVersusFemale,1dCNN autoencoder,1,8.00E-05,0.0001,0.03365225179,0.04651162791,-0.47657305,0.105364114,0.5,uniform
GunPointMaleVersusFemale,1dCNN autoencoder,1,8.00E-05,0.0001,0.584772546,0.6511627907,-0.01926245,0.24193133,0.5,example-specific
GunPointMaleVersusFemale,1dCNN autoencoder,1,8.00E-05,0.0001,0.4924758242,0.6511627907,-0.049054705,0.14540836,0.5,global
GunPointMaleVersusFemale,LSTM autoencoder,1,0.01083279029,0.001,1.763510996,0.8837209302,-0.000751004,0.00595156,1,
GunPointMaleVersusFemale,LSTM autoencoder,1,0.01083279215,0.001,0.6627193448,0.3953488372,-0.29062244,0.24647434,0.5,uniform
GunPointMaleVersusFemale,LSTM autoencoder,1,0.01083279029,0.001,0.7543847876,0.4651162791,-0.2556276,0.2500333,0.5,example-specific
GunPointMaleVersusFemale,LSTM autoencoder,1,0.01083279587,0.001,0.7541754565,0.4418604651,-0.24486892,0.24922551,0.5,global
GunPointMaleVersusFemale,No autoencoder,1,0,0.001,0.4675909986,1,0.0005371016,0.00032818562,1,
GunPointMaleVersusFemale,No autoencoder,1,0,0.001,0.01536048203,0.06976744186,-0.46494177,0.12753397,0.5,uniform
GunPointMaleVersusFemale,No autoencoder,1,0,0.001,0.4941835667,0.9302325581,3.46E-05,0.001973075,0.5,example-specific
GunPointMaleVersusFemale,No autoencoder,1,0,0.001,0.4787604426,0.8139534884,-0.00020337313,0.0017903533,0.5,global
GunPointAgeSpan,1dCNN autoencoder,1,6.63E-05,0.0001,0.4771958473,0.9555555556,0.00036864678,0.0011680941,1,
GunPointAgeSpan,1dCNN autoencoder,1,6.63E-05,0.0001,0.07525799831,0.4222222222,-0.25545967,0.24966112,0.5,uniform
GunPointAgeSpan,1dCNN autoencoder,1,6.63E-05,0.0001,0.4208902359,0.7777777778,0.089121,0.3380307,0.5,example-specific
GunPointAgeSpan,1dCNN autoencoder,1,6.63E-05,0.0001,0.4632327101,0.9333333333,0.003766169,0.014334309,0.5,global
GunPointAgeSpan,LSTM autoencoder,1,0.00892336946,0.001,1.763945239,0.8222222222,0.01911882,0.19707333,1,
GunPointAgeSpan,LSTM autoencoder,1,0.008923365735,0.001,0.9428602447,0.2222222222,-0.31760108,0.31180954,0.5,uniform
GunPointAgeSpan,LSTM autoencoder,1,0.00892336946,0.001,1.089835509,0.2444444444,-0.32023942,0.27579767,0.5,example-specific
GunPointAgeSpan,LSTM autoencoder,1,0.008923267946,0.001,1.12980058,0.2222222222,-0.35890567,0.23354253,0.5,global
GunPointAgeSpan,No autoencoder,1,0,0.001,0.4098205626,0.9777777778,0.0011909849,0.0043354942,1,
GunPointAgeSpan,No autoencoder,1,0,0.001,0.0685161407,0.5111111111,-0.2440941,0.25001922,0.5,uniform
GunPointAgeSpan,No autoencoder,1,0,0.001,0.3644124873,0.8666666667,-0.0004831983,0.0034186966,0.5,example-specific
GunPointAgeSpan,No autoencoder,1,0,0.001,0.3576072023,0.9555555556,0.00042130682,0.0011991446,0.5,global
GunPoint,1dCNN autoencoder,0.55,0.0001257779513,0.0001,0.1656498868,1,0.0003682673,0.0001489222,1,
GunPoint,1dCNN autoencoder,0.55,0.0001257779513,0.0001,0.1325092674,0.5,-0.00029736757,0.0008145571,0.5,uniform
GunPoint,1dCNN autoencoder,0.55,0.0001257779513,0.0001,0.1581459534,1,0.00027659535,0.00024059415,0.5,example-specific
GunPoint,1dCNN autoencoder,0.55,0.0001257779513,0.0001,0.1614106989,1,0.00028431416,0.00023287535,0.5,global
GunPoint,LSTM autoencoder,0.55,0.01234177314,0.0001,1.373974212,1,0.008859366,0.0003875792,1,
GunPoint,LSTM autoencoder,0.55,0.01234177034,0.0001,1.169130323,1,0.013207108,0.00042518973,0.5,uniform
GunPoint,LSTM autoencoder,0.55,0.01234177314,0.0001,1.173513123,1,0.013894379,0.000633657,0.5,example-specific
GunPoint,LSTM autoencoder,0.55,0.01234177034,0.0001,1.200459315,1,0.012765795,0.0018101037,0.5,global
GunPoint,No autoencoder,0.55,0,0.0001,0.01523253821,1,2.14E-05,3.28E-07,1,
GunPoint,No autoencoder,0.55,0,0.0001,0.0001993487107,0,-0.0015221536,0.0010201037,0.5,uniform
GunPoint,No autoencoder,0.55,0,0.0001,0.05757416893,0,0.00020828843,6.35E-06,0.5,example-specific
GunPoint,No autoencoder,0.55,0,0.0001,0.02384773282,0.5,-8.45E-06,2.50E-05,0.5,global
FreezerSmallTrain,1dCNN autoencoder,0.9965277778,1.31E-05,0.0001,0.2936102148,0.7587412587,0.059704132,0.37388995,1,
FreezerSmallTrain,1dCNN autoencoder,0.9965277778,1.31E-05,0.0001,0.1896082388,0.6608391608,0.028772937,0.41309512,0.5,uniform
FreezerSmallTrain,1dCNN autoencoder,0.9965277778,1.31E-05,0.0001,0.2344024422,0.7692307692,0.08757906,0.3800674,0.5,example-specific
FreezerSmallTrain,1dCNN autoencoder,0.9965277778,1.31E-05,0.0001,0.2474401855,0.7342657343,0.06996243,0.39254338,0.5,global
FreezerSmallTrain,LSTM autoencoder,0.9965277778,0.0008671004325,0.001,0.7963674121,0.9965034965,0.0005824869,0.00033431305,1,
FreezerSmallTrain,LSTM autoencoder,0.9965277778,0.0008671004325,0.001,0.4685908192,0.2062937063,-0.3961927,0.20382278,0.5,uniform
FreezerSmallTrain,LSTM autoencoder,0.9965277778,0.0008671004325,0.001,0.502657416,0.3041958042,-0.34297213,0.23224273,0.5,example-specific
FreezerSmallTrain,LSTM autoencoder,0.9965277778,0.0008671004325,0.001,0.5882200664,0.1118881119,-0.44399542,0.15778488,0.5,global
FreezerSmallTrain,No autoencoder,0.9965277778,0,0.0001,0.04700071359,0.9965034965,0.0005022692,0.00031798283,1,
FreezerSmallTrain,No autoencoder,0.9965277778,0,0.0001,0.04210946501,0.9895104895,-0.0030013802,0.041706674,0.5,uniform
FreezerSmallTrain,No autoencoder,0.9965277778,0,0.0001,0.04476309772,0.9965034965,0.00048199255,0.00089661387,0.5,example-specific
FreezerSmallTrain,No autoencoder,0.9965277778,0,0.0001,0.04444150901,0.993006993,0.00050863845,0.0006719142,0.5,global
FreezerRegularTrain,1dCNN autoencoder,1,9.73E-06,0.0001,0.1936240762,0.1033333333,-0.18668327,0.46382415,1,
FreezerRegularTrain,1dCNN autoencoder,1,9.73E-06,0.0001,0.1031816032,0.03,-0.47509807,0.14186607,0.5,uniform
FreezerRegularTrain,1dCNN autoencoder,1,9.73E-06,0.0001,0.2423864083,0.58,0.19666667,0.45969796,0.5,example-specific
FreezerRegularTrain,1dCNN autoencoder,1,9.73E-06,0.0001,0.1548441647,0.04,-0.4719021,0.14398913,0.5,global
FreezerRegularTrain,LSTM autoencoder,1,0.0008813837194,0.001,0.8895192129,0.9666666667,0.00044958096,0.0011320108,1,
FreezerRegularTrain,LSTM autoencoder,1,0.0008813837194,0.001,0.4685859583,0.1133333333,-0.4416218,0.16063492,0.5,uniform
FreezerRegularTrain,LSTM autoencoder,1,0.0008813837194,0.001,0.4843776964,0.1666666667,-0.4149088,0.18801805,0.5,example-specific
FreezerRegularTrain,LSTM autoencoder,1,0.000884070294,0.001,0.4866185407,0.04,-0.47832215,0.10185566,0.5,global
FreezerRegularTrain,No autoencoder,1,0,0.0001,0.05190274813,0.97,0.00048421224,0.00053570187,1,
FreezerRegularTrain,No autoencoder,1,0,0.0001,0.007544576453,0.1833333333,-0.40821812,0.19370933,0.5,uniform
FreezerRegularTrain,No autoencoder,1,0,0.0001,0.05006638216,0.9833333333,0.0005737588,0.0006056756,0.5,example-specific
FreezerRegularTrain,No autoencoder,1,0,0.0001,0.04987195901,0.9366666667,0.0004019165,0.00082818756,0.5,global
FordB,1dCNN autoencoder,0.789031678,8.79E-06,0.001,4.740983728,0.737804878,0.23780487,0.43982822,1,
FordB,1dCNN autoencoder,0.789031678,8.79E-06,0.001,1.093362525,0.343495935,-0.15677054,0.47454226,0.5,uniform
FordB,1dCNN autoencoder,0.789031678,8.79E-06,0.001,2.538317842,0.6077235772,0.10765841,0.48820657,0.5,example-specific
FordB,1dCNN autoencoder,0.789031678,8.79E-06,0.001,2.636774344,0.7052845528,0.20528454,0.45591477,0.5,global
FordB,LSTM autoencoder,0.789031678,0.00976169575,0.0001,2.209368823,0,-0.49597734,2.03E-05,1,
FordB,LSTM autoencoder,0.789031678,0.00976169575,0.0001,2.209325792,0,-0.49598107,3.15E-05,0.5,uniform
FordB,LSTM autoencoder,0.789031678,0.00976169575,0.0001,2.209336317,0,-0.49598062,3.02E-05,0.5,example-specific
FordB,LSTM autoencoder,0.789031678,0.00976169575,0.0001,2.209324671,0,-0.49597976,3.03E-05,0.5,global
FordB,No autoencoder,0.789031678,0,0.0001,0.07275225809,0.8170731707,-0.07698659,0.18243219,1,
FordB,No autoencoder,0.789031678,0,0.0001,0.02325144738,0.4654471545,-0.2660304,0.24971168,0.5,uniform
FordB,No autoencoder,0.789031678,0,0.0001,0.07039658189,0.7174796748,-0.10492746,0.20341484,0.5,example-specific
FordB,No autoencoder,0.789031678,0,0.0001,0.06964668197,0.7459349593,-0.09642178,0.19747747,0.5,global
FordA,1dCNN autoencoder,0.820349955,1.23E-05,0.0001,0.4641818583,0.7406716418,0.04069737,0.36872777,1,
FordA,1dCNN autoencoder,0.820349955,1.23E-05,0.0001,0.1863482443,0.3339552239,-0.2539763,0.35544264,0.5,uniform
FordA,1dCNN autoencoder,0.820349955,1.23E-05,0.0001,0.3596219866,0.598880597,-0.06130294,0.37517354,0.5,example-specific
FordA,1dCNN autoencoder,0.820349955,1.23E-05,0.0001,0.345670963,0.6268656716,-0.044278134,0.37114483,0.5,global
FordA,LSTM autoencoder,0.820349955,0.01065809932,0.001,2.475578333,0.25,-0.37227204,0.219056,1,
FordA,LSTM autoencoder,0.820349955,0.01065809932,0.001,2.307345207,0,-0.49999794,6.45E-07,0.5,uniform
FordA,LSTM autoencoder,0.820349955,0.01065809932,0.001,2.352751391,0.05410447761,-0.4710307,0.116916046,0.5,example-specific
FordA,LSTM autoencoder,0.820349955,0.01065809932,0.001,2.308395796,0,-0.49999776,1.24E-06,0.5,global
FordA,No autoencoder,0.820349955,0,0.0001,0.08275384512,0.75,-0.0982802,0.19868514,1,
FordA,No autoencoder,0.820349955,0,0.0001,0.02046075011,0.3843283582,-0.30678257,0.24358831,0.5,uniform
FordA,No autoencoder,0.820349955,0,0.0001,0.07726834367,0.6697761194,-0.13051623,0.22125018,0.5,example-specific
FordA,No autoencoder,0.820349955,0,0.0001,0.07704448649,0.6585820896,-0.13073882,0.21995835,0.5,global
ECGFiveDays,1dCNN autoencoder,1,6.87E-05,0.0001,0.2641215715,0.9772727273,0.11399102,0.22248687,1,
ECGFiveDays,1dCNN autoencoder,1,6.87E-05,0.0001,0.08945873561,0.2954545455,-0.32185748,0.29470676,0.5,uniform
ECGFiveDays,1dCNN autoencoder,1,6.87E-05,0.0001,0.2493105792,0.8522727273,0.059933614,0.22492574,0.5,example-specific
ECGFiveDays,1dCNN autoencoder,1,6.87E-05,0.0001,0.1971287963,0.9090909091,0.04786491,0.22217725,0.5,global
ECGFiveDays,LSTM autoencoder,1,0.005809984636,0.0001,1.014927182,1,0.4921784,0.004853164,1,
ECGFiveDays,LSTM autoencoder,1,0.005809984636,0.0001,0.892211111,1,0.49999878,2.70E-06,0.5,uniform
ECGFiveDays,LSTM autoencoder,1,0.005809984636,0.0001,0.8951350103,1,0.49999583,1.82E-05,0.5,example-specific
ECGFiveDays,LSTM autoencoder,1,0.005809984636,0.0001,0.8913184803,1,0.49999955,1.32E-06,0.5,global
ECGFiveDays,No autoencoder,1,0,0.0001,0.1093529107,0.9545454545,0.000751343,0.0021137462,1,
ECGFiveDays,No autoencoder,1,0,0.0001,0.002167730927,0.02272727273,-0.48295882,0.09061036,0.5,uniform
ECGFiveDays,No autoencoder,1,0,0.0001,0.1273808595,0.7272727273,0.056500975,0.2780825,0.5,example-specific
ECGFiveDays,No autoencoder,1,0,0.0001,0.1129656502,0.8181818182,0.001508388,0.0074801785,0.5,global
ECG200,1dCNN autoencoder,0.5769230769,0.0008616529522,0.0001,0.3931777294,1,3.98E-05,3.01E-05,1,
ECG200,1dCNN autoencoder,0.5769230769,0.0008616529522,0.0001,0.293987224,0,-0.002894953,0.0016726702,0.5,uniform
ECG200,1dCNN autoencoder,0.5769230769,0.0008616529522,0.0001,0.3893049934,0,4.05E-05,2.35E-05,0.5,example-specific
ECG200,1dCNN autoencoder,0.5769230769,0.0008616529522,0.0001,0.3410757184,0,-0.0022642761,0.002027586,0.5,global
ECG200,LSTM autoencoder,0.5769230769,0.008571744896,0.0001,1.295316263,1,0.0048493147,7.63E-05,1,
ECG200,LSTM autoencoder,0.5769230769,0.008571744896,0.0001,1.301833151,1,0.0049295425,1.49E-06,0.5,uniform
ECG200,LSTM autoencoder,0.5769230769,0.008571744896,0.0001,1.333845802,1,0.0050821602,0.00013718009,0.5,example-specific
ECG200,LSTM autoencoder,0.5769230769,0.008571744896,0.0001,1.31975466,1,0.0050684214,0.00013679266,0.5,global
ECG200,No autoencoder,0.5769230769,0,0.001,0.1199612496,1,0.00010818243,3.66E-05,1,
ECG200,No autoencoder,0.5769230769,0,0.001,0.001541892322,0,-0.0034487695,0.0020365864,0.5,uniform
ECG200,No autoencoder,0.5769230769,0,0.001,0.1857813273,1,1.36E-05,1.18E-05,0.5,example-specific
ECG200,No autoencoder,0.5769230769,0,0.001,0.1945087529,1,7.33E-06,1.97E-06,0.5,global
Earthquakes,1dCNN autoencoder,0.5519203414,0.0008956008824,0.0001,0.7915847474,1,0.0005124371,0.00030116423,1,
Earthquakes,1dCNN autoencoder,0.5519203414,0.0008956008824,0.0001,0.709817407,0.988372093,0.0005843324,0.0005307518,0.5,uniform
Earthquakes,1dCNN autoencoder,0.5519203414,0.0008956008824,0.0001,0.7435068231,1,0.0004963293,0.00029522149,0.5,example-specific
Earthquakes,1dCNN autoencoder,0.5519203414,0.0008956008824,0.0001,0.7346267269,1,0.00051699264,0.00058042613,0.5,global
Earthquakes,LSTM autoencoder,0.5519203414,0.013351392,0.0001,2.622970952,0,-0.43232283,0.00037104727,1,
Earthquakes,LSTM autoencoder,0.5519203414,0.013351392,0.0001,2.623276565,0,-0.43239477,0.0003823224,0.5,uniform
Earthquakes,LSTM autoencoder,0.5519203414,0.013351392,0.0001,2.623175622,0,-0.43235144,0.00038692346,0.5,example-specific
Earthquakes,LSTM autoencoder,0.5519203414,0.013351392,0.0001,2.623190725,0,-0.43236,0.00038591572,0.5,global
Earthquakes,No autoencoder,0.5519203414,0,0.001,0.5352584386,1,0.0005387075,0.00026725003,1,
Earthquakes,No autoencoder,0.5519203414,0,0.001,0.2711051405,0.9069767442,-0.01713028,0.09178995,0.5,uniform
Earthquakes,No autoencoder,0.5519203414,0,0.001,0.3991581667,1,0.00045454988,0.0002713847,0.5,example-specific
Earthquakes,No autoencoder,0.5519203414,0,0.001,0.3804689474,1,0.00048684934,0.00028903893,0.5,global
DistalPhalanxOutlineCorrect,1dCNN autoencoder,0.7908496732,0.0001478401537,0.0001,0.1747108226,0.96875,0.0004802714,0.08838044,1,
DistalPhalanxOutlineCorrect,1dCNN autoencoder,0.7908496732,0.0001478401537,0.0001,0.129101851,0.859375,-0.06208427,0.18749152,0.5,uniform
DistalPhalanxOutlineCorrect,1dCNN autoencoder,0.7908496732,0.0001478401537,0.0001,0.1462578516,0.90625,-0.030518439,0.15003695,0.5,example-specific
DistalPhalanxOutlineCorrect,1dCNN autoencoder,0.7908496732,0.0001478401537,0.0001,0.1492437401,0.859375,-0.062076606,0.18763956,0.5,global
DistalPhalanxOutlineCorrect,LSTM autoencoder,0.7908496732,0.005686104763,0.0001,0.6943431475,0.859375,-0.009373223,0.06174251,1,
DistalPhalanxOutlineCorrect,LSTM autoencoder,0.7908496732,0.005701311398,0.0001,0.5936426258,0.125,-0.38324112,0.19801801,0.5,uniform
DistalPhalanxOutlineCorrect,LSTM autoencoder,0.7908496732,0.005686104763,0.0001,0.6305216467,0.171875,-0.27239493,0.24885556,0.5,example-specific
DistalPhalanxOutlineCorrect,LSTM autoencoder,0.7908496732,0.005686812568,0.0001,0.6378883162,0.203125,-0.3210944,0.22770475,0.5,global
DistalPhalanxOutlineCorrect,No autoencoder,0.7908496732,0,0.0001,0.0382776915,0.921875,-0.021810781,0.106430545,1,
DistalPhalanxOutlineCorrect,No autoencoder,0.7908496732,0,0.0001,0.01831337706,0.734375,-0.13244483,0.22104342,0.5,uniform
DistalPhalanxOutlineCorrect,No autoencoder,0.7908496732,0,0.0001,0.0332572823,0.859375,-0.03905806,0.13425568,0.5,example-specific
DistalPhalanxOutlineCorrect,No autoencoder,0.7908496732,0,0.0001,0.03318995385,0.921875,-0.03853994,0.13434051,0.5,global
Computers,1dCNN autoencoder,0.66,0.0001512381132,0.0001,0.4388015656,1,0.0004222095,0.00027825113,1,
Computers,1dCNN autoencoder,0.66,0.0001512381132,0.0001,0.3906282551,1,0.0005234539,0.00027289634,0.5,uniform
Computers,1dCNN autoencoder,0.66,0.0001512381132,0.0001,0.4176453036,1,0.00052554725,0.00026714764,0.5,example-specific
Computers,1dCNN autoencoder,0.66,0.0001512381132,0.0001,0.4071171025,1,0.00048396588,0.0002909769,0.5,global
Computers,LSTM autoencoder,0.66,0.002245200798,0.001,1.589496437,0.94,-0.009646678,0.069922216,1,
Computers,LSTM autoencoder,0.66,0.002245200798,0.001,1.482936926,0.46,-0.15158689,0.22718115,0.5,uniform
Computers,LSTM autoencoder,0.66,0.002245200798,0.001,1.540853459,0.64,-0.070822015,0.17276101,0.5,example-specific
Computers,LSTM autoencoder,0.66,0.002245200798,0.001,1.556943608,0.52,-0.048753142,0.15148611,0.5,global
Computers,No autoencoder,0.66,0,0.0001,0.06494249062,1,0.0005511057,0.00029037567,1,
Computers,No autoencoder,0.66,0,0.0001,0.05571410853,1,0.0005463183,0.00027539968,0.5,uniform
Computers,No autoencoder,0.66,0,0.0001,0.06155615898,0.98,0.17238231,0.23547092,0.5,example-specific
Computers,No autoencoder,0.66,0,0.0001,0.0594607108,1,0.00052490353,0.00029634108,0.5,global
Coffee,1dCNN autoencoder,0.5,0.003848372027,0.0001,1.130860901,1,0.00012989838,6.73E-05,1,
Coffee,1dCNN autoencoder,0.5,0.003848372027,0.0001,0.2364725276,0,-0.011776854,0.0014859604,0.5,uniform
Coffee,1dCNN autoencoder,0.5,0.003848372027,0.0001,0.8156961805,0.1666666667,0.00036769608,0.00027881705,0.5,example-specific
Coffee,1dCNN autoencoder,0.5,0.003848372027,0.0001,1.132094952,0.9166666667,9.16E-05,7.90E-05,0.5,global
Coffee,LSTM autoencoder,0.5,0.05674300715,0.0001,3.985073126,1,0.004997561,1.77E-05,1,
Coffee,LSTM autoencoder,0.5,0.05674300715,0.0001,3.993925543,1,0.005137071,2.25E-05,0.5,uniform
Coffee,LSTM autoencoder,0.5,0.05674300715,0.0001,3.988768122,1,0.0050100735,7.28E-05,0.5,example-specific
Coffee,LSTM autoencoder,0.5,0.05674300715,0.0001,3.984148378,1,0.00501059,1.38E-05,0.5,global
Coffee,No autoencoder,0.5,0,0.001,0.2552246648,1,0.00026271245,0.00017455396,1,
Coffee,No autoencoder,0.5,0,0.001,0.005650795778,0,-0.012051349,0.0015359392,0.5,uniform
Coffee,No autoencoder,0.5,0,0.001,0.441743394,1,0.00015517573,0.0001869364,0.5,example-specific
Coffee,No autoencoder,0.5,0,0.001,0.2586905965,1,0.0004261583,0.00027010846,0.5,global
Chinatown,1dCNN autoencoder,1,0.0006095754798,0.0001,0.1454432079,1,0.00044450164,0.0002846532,1,
Chinatown,1dCNN autoencoder,1,0.0006095754798,0.0001,0.09987661628,0.1346153846,-0.027683321,0.014976298,0.5,uniform
Chinatown,1dCNN autoencoder,1,0.0006095754798,0.0001,0.1672949546,0.8653846154,0.0004942876,0.00071295863,0.5,example-specific
Chinatown,1dCNN autoencoder,1,0.0006095754798,0.0001,0.1447985782,0.8653846154,-0.0001028673,0.00307499,0.5,global
Chinatown,LSTM autoencoder,1,0.005399120506,0.0001,0.5684217154,1,0.13831116,0.015947895,1,
Chinatown,LSTM autoencoder,1,0.005399120506,0.0001,0.3486430545,1,0.17188963,0.029338436,0.5,uniform
Chinatown,LSTM autoencoder,1,0.005399120506,0.0001,0.4090981567,1,0.15728071,0.025030935,0.5,example-specific
Chinatown,LSTM autoencoder,1,0.005399120506,0.0001,0.3523787846,1,0.17772555,0.030870559,0.5,global
Chinatown,No autoencoder,1,0,0.001,0.1314187024,1,0.00046847074,0.00027513364,1,
Chinatown,No autoencoder,1,0,0.001,0.07986099764,0.01923076923,-0.028395584,0.009522648,0.5,uniform
Chinatown,No autoencoder,1,0,0.001,0.1361508595,0.9615384615,-0.00022960111,0.0040134117,0.5,example-specific
Chinatown,No autoencoder,1,0,0.001,0.1044146935,0.9807692308,0.00014969018,0.002661259,0.5,global
BirdChicken,1dCNN autoencoder,0.75,0.004361648578,0.0001,1.50709919,1,0.00045134127,0.00040514118,1,
BirdChicken,1dCNN autoencoder,0.75,0.004361648578,0.0001,1.058068453,0.5,-0.0017508194,0.002801402,0.5,uniform
BirdChicken,1dCNN autoencoder,0.75,0.004361648578,0.0001,1.348619197,1,0.0005056262,0.00048250865,0.5,example-specific
BirdChicken,1dCNN autoencoder,0.75,0.004361648578,0.0001,1.226819487,1,0.0004903078,0.00047931154,0.5,global
BirdChicken,LSTM autoencoder,0.75,0.03623896837,0.0001,4.304966934,1,0.008964568,5.70E-05,1,
BirdChicken,LSTM autoencoder,0.75,0.03623896837,0.0001,4.306893215,1,0.009044811,9.16E-05,0.5,uniform
BirdChicken,LSTM autoencoder,0.75,0.03623896837,0.0001,4.323641421,1,0.009274021,7.49E-05,0.5,example-specific
BirdChicken,LSTM autoencoder,0.75,0.03623896837,0.0001,4.305248996,1,0.008965716,5.60E-05,0.5,global
BirdChicken,No autoencoder,0.75,0,0.0001,0.1257641351,1,2.68E-05,1.94E-05,1,
BirdChicken,No autoencoder,0.75,0,0.0001,0.000539002187,0,-0.008681998,0.001708305,0.5,uniform
BirdChicken,No autoencoder,0.75,0,0.0001,0.1512156286,0,7.80E-05,2.64E-05,0.5,example-specific
BirdChicken,No autoencoder,0.75,0,0.0001,0.1603972722,0,-0.0021575466,0.0013042374,0.5,global
BeetleFly,1dCNN autoencoder,0.75,0.006519492716,0.0001,1.928065029,1,0.000505656,0.000425905,1,
BeetleFly,1dCNN autoencoder,0.75,0.006519492716,0.0001,1.159024039,0.5,-0.002797529,0.010786459,0.5,uniform
BeetleFly,1dCNN autoencoder,0.75,0.006519492716,0.0001,1.558461252,0.5,0.00048938394,0.0004837811,0.5,example-specific
BeetleFly,1dCNN autoencoder,0.75,0.006519492716,0.0001,1.543045954,0.5,0.0004387647,0.0009135455,0.5,global
BeetleFly,LSTM autoencoder,0.75,0.04118303582,0.0001,4.592772275,1,0.013409317,1.42E-05,1,
BeetleFly,LSTM autoencoder,0.75,0.04118303582,0.0001,4.593037416,1,0.013422459,3.31E-06,0.5,uniform
BeetleFly,LSTM autoencoder,0.75,0.04118303582,0.0001,4.593748795,1,0.013413131,1.25E-05,0.5,example-specific
BeetleFly,LSTM autoencoder,0.75,0.04118303582,0.0001,4.593388869,1,0.013429433,3.07E-06,0.5,global
BeetleFly,No autoencoder,0.75,0,0.0001,0.1108306252,0.5,0.00042632222,0.00016447902,1,
BeetleFly,No autoencoder,0.75,0,0.0001,0.0004237621059,0,-0.012494639,0.010669962,0.5,uniform
BeetleFly,No autoencoder,0.75,0,0.0001,0.1029327188,0.5,-0.009279847,0.0092840195,0.5,example-specific
BeetleFly,No autoencoder,0.75,0,0.0001,0.1051671352,0.5,-0.0090819895,0.009086162,0.5,global